<?xml version="1.0" encoding="UTF-8"?>
<GenRun Id="synth_1" LaunchPart="xc7a35tcpg236-1" LaunchTime="1718122535">
  <File Type="VDS-TIMING-PB" Name="alarmeJD_timing_summary_synth.pb"/>
  <File Type="VDS-TIMINGSUMMARY" Name="alarmeJD_timing_summary_synth.rpt"/>
  <File Type="RDS-DCP" Name="alarmeJD.dcp"/>
  <File Type="REPORTS-TCL" Name="alarmeJD_reports.tcl"/>
  <File Type="PA-TCL" Name="alarmeJD.tcl"/>
  <File Type="RDS-RDS" Name="alarmeJD.vds"/>
  <File Type="RDS-PROPCONSTRS" Name="alarmeJD_drc_synth.rpt"/>
  <File Type="RDS-UTIL" Name="alarmeJD_utilization_synth.rpt"/>
  <File Type="RDS-UTIL-PB" Name="alarmeJD_utilization_synth.pb"/>
  <FileSet Name="sources" Type="DesignSrcs" RelSrcDir="$PSRCDIR/sources_1">
    <Filter Type="Srcs"/>
    <File Path="$PSRCDIR/sources_1/new/alarmeJD.vhd">
      <FileInfo>
        <Attr Name="UsedIn" Val="synthesis"/>
        <Attr Name="UsedIn" Val="simulation"/>
      </FileInfo>
    </File>
    <Config>
      <Option Name="DesignMode" Val="RTL"/>
      <Option Name="TopModule" Val="alarmeJD"/>
      <Option Name="TopAutoSet" Val="TRUE"/>
    </Config>
  </FileSet>
  <FileSet Name="constrs_in" Type="Constrs" RelSrcDir="$PSRCDIR/constrs_1">
    <Filter Type="Constrs"/>
    <File Path="$PSRCDIR/constrs_1/new/seila2.xdc">
      <FileInfo>
        <Attr Name="UsedIn" Val="synthesis"/>
        <Attr Name="UsedIn" Val="implementation"/>
      </FileInfo>
    </File>
    <Config>
      <Option Name="ConstrsType" Val="XDC"/>
    </Config>
  </FileSet>
  <FileSet Name="utils" Type="Utils" RelSrcDir="$PSRCDIR/utils_1">
    <Filter Type="Utils"/>
    <Config>
      <Option Name="TopAutoSet" Val="TRUE"/>
    </Config>
  </FileSet>
  <Strategy Version="1" Minor="2">
    <StratHandle Name="Vivado Synthesis Defaults" Flow="Vivado Synthesis 2018">
      <Desc>Vivado Synthesis Defaults</Desc>
    </StratHandle>
    <Step Id="synth_design"/>
  </Strategy>
</GenRun>
