<?xml version="1.0" encoding="UTF-8"?>
<GenRun Id="impl_1" LaunchPart="xc7a35tcpg236-1" LaunchTime="1718123859">
  <File Type="WBT-USG" Name="usage_statistics_webtalk.html"/>
  <File Type="BG-DRC" Name="semaforoJD.drc"/>
  <File Type="BG-BGN" Name="semaforoJD.bgn"/>
  <File Type="BITSTR-SYSDEF" Name="semaforoJD.sysdef"/>
  <File Type="BITSTR-LTX" Name="debug_nets.ltx"/>
  <File Type="BITSTR-LTX" Name="semaforoJD.ltx"/>
  <File Type="BITSTR-MMI" Name="semaforoJD.mmi"/>
  <File Type="BITSTR-BMM" Name="semaforoJD_bd.bmm"/>
  <File Type="BITSTR-NKY" Name="semaforoJD.nky"/>
  <File Type="BITSTR-RBT" Name="semaforoJD.rbt"/>
  <File Type="BITSTR-MSK" Name="semaforoJD.msk"/>
  <File Type="BG-BIN" Name="semaforoJD.bin"/>
  <File Type="BG-BIT" Name="semaforoJD.bit"/>
  <File Type="POSTROUTE-PHYSOPT-BUS-SKEW-RPX" Name="semaforoJD_bus_skew_postroute_physopted.rpx"/>
  <File Type="POSTROUTE-PHYSOPT-BUS-SKEW-PB" Name="semaforoJD_bus_skew_postroute_physopted.pb"/>
  <File Type="POSTROUTE-PHYSOPT-BUS-SKEW" Name="semaforoJD_bus_skew_postroute_physopted.rpt"/>
  <File Type="RDI-RDI" Name="semaforoJD.vdi"/>
  <File Type="POSTROUTE-PHYSOPT-TIMING-RPX" Name="semaforoJD_timing_summary_postroute_physopted.rpx"/>
  <File Type="POSTROUTE-PHYSOPT-TIMING-PB" Name="semaforoJD_timing_summary_postroute_physopted.pb"/>
  <File Type="POSTROUTE-PHYSOPT-TIMING" Name="semaforoJD_timing_summary_postroute_physopted.rpt"/>
  <File Type="POSTROUTE-PHYSOPT-BLACKBOX-DCP" Name="semaforoJD_postroute_physopt_bb.dcp"/>
  <File Type="POSTROUTE-PHYSOPT-DCP" Name="semaforoJD_postroute_physopt.dcp"/>
  <File Type="ROUTE-BUS-SKEW" Name="semaforoJD_bus_skew_routed.rpt"/>
  <File Type="ROUTE-CLK" Name="semaforoJD_clock_utilization_routed.rpt"/>
  <File Type="ROUTE-SIMILARITY" Name="semaforoJD_incremental_reuse_routed.rpt"/>
  <File Type="ROUTE-TIMING-RPX" Name="semaforoJD_timing_summary_routed.rpx"/>
  <File Type="ROUTE-TIMING-PB" Name="semaforoJD_timing_summary_routed.pb"/>
  <File Type="ROUTE-TIMINGSUMMARY" Name="semaforoJD_timing_summary_routed.rpt"/>
  <File Type="ROUTE-STATUS-PB" Name="semaforoJD_route_status.pb"/>
  <File Type="ROUTE-STATUS" Name="semaforoJD_route_status.rpt"/>
  <File Type="ROUTE-PWR-RPX" Name="semaforoJD_power_routed.rpx"/>
  <File Type="ROUTE-PWR-SUM" Name="semaforoJD_power_summary_routed.pb"/>
  <File Type="ROUTE-PWR" Name="semaforoJD_power_routed.rpt"/>
  <File Type="ROUTE-METHODOLOGY-DRC-PB" Name="semaforoJD_methodology_drc_routed.pb"/>
  <File Type="ROUTE-METHODOLOGY-DRC-RPX" Name="semaforoJD_methodology_drc_routed.rpx"/>
  <File Type="ROUTE-METHODOLOGY-DRC" Name="semaforoJD_methodology_drc_routed.rpt"/>
  <File Type="ROUTE-DRC-RPX" Name="semaforoJD_drc_routed.rpx"/>
  <File Type="ROUTE-DRC-PB" Name="semaforoJD_drc_routed.pb"/>
  <File Type="ROUTE-DRC" Name="semaforoJD_drc_routed.rpt"/>
  <File Type="ROUTE-BLACKBOX-DCP" Name="semaforoJD_routed_bb.dcp"/>
  <File Type="ROUTE-DCP" Name="semaforoJD_routed.dcp"/>
  <File Type="ROUTE-ERROR-DCP" Name="semaforoJD_routed_error.dcp"/>
  <File Type="PHYSOPT-TIMING" Name="semaforoJD_timing_summary_physopted.rpt"/>
  <File Type="PHYSOPT-DRC" Name="semaforoJD_drc_physopted.rpt"/>
  <File Type="PHYSOPT-DCP" Name="semaforoJD_physopt.dcp"/>
  <File Type="POSTPLACE-PWROPT-TIMING" Name="semaforoJD_timing_summary_postplace_pwropted.rpt"/>
  <File Type="POSTPLACE-PWROPT-DCP" Name="semaforoJD_postplace_pwropt.dcp"/>
  <File Type="PLACE-TIMING" Name="semaforoJD_timing_summary_placed.rpt"/>
  <File Type="PLACE-PRE-SIMILARITY" Name="semaforoJD_incremental_reuse_pre_placed.rpt"/>
  <File Type="PLACE-SIMILARITY" Name="semaforoJD_incremental_reuse_placed.rpt"/>
  <File Type="PLACE-CTRL" Name="semaforoJD_control_sets_placed.rpt"/>
  <File Type="PLACE-UTIL-PB" Name="semaforoJD_utilization_placed.pb"/>
  <File Type="PLACE-UTIL" Name="semaforoJD_utilization_placed.rpt"/>
  <File Type="PLACE-CLK" Name="semaforoJD_clock_utilization_placed.rpt"/>
  <File Type="PLACE-IO" Name="semaforoJD_io_placed.rpt"/>
  <File Type="PLACE-DCP" Name="semaforoJD_placed.dcp"/>
  <File Type="PWROPT-TIMING" Name="semaforoJD_timing_summary_pwropted.rpt"/>
  <File Type="PWROPT-DRC" Name="semaforoJD_drc_pwropted.rpt"/>
  <File Type="PWROPT-DCP" Name="semaforoJD_pwropt.dcp"/>
  <File Type="OPT-TIMING" Name="semaforoJD_timing_summary_opted.rpt"/>
  <File Type="OPT-HWDEF" Name="semaforoJD.hwdef"/>
  <File Type="OPT-METHODOLOGY-DRC" Name="semaforoJD_methodology_drc_opted.rpt"/>
  <File Type="OPT-DRC" Name="semaforoJD_drc_opted.rpt"/>
  <File Type="OPT-DCP" Name="semaforoJD_opt.dcp"/>
  <File Type="INIT-TIMING" Name="semaforoJD_timing_summary_init.rpt"/>
  <File Type="ROUTE-BUS-SKEW-RPX" Name="semaforoJD_bus_skew_routed.rpx"/>
  <File Type="REPORTS-TCL" Name="semaforoJD_reports.tcl"/>
  <File Type="ROUTE-BUS-SKEW-PB" Name="semaforoJD_bus_skew_routed.pb"/>
  <File Type="PA-TCL" Name="semaforoJD.tcl"/>
  <FileSet Name="sources" Type="DesignSrcs" RelSrcDir="$PSRCDIR/sources_1">
    <Filter Type="Srcs"/>
    <File Path="$PSRCDIR/sources_1/new/semaforoJD.vhd">
      <FileInfo>
        <Attr Name="UsedIn" Val="synthesis"/>
        <Attr Name="UsedIn" Val="simulation"/>
      </FileInfo>
    </File>
    <Config>
      <Option Name="DesignMode" Val="RTL"/>
      <Option Name="TopModule" Val="semaforoJD"/>
      <Option Name="TopAutoSet" Val="TRUE"/>
    </Config>
  </FileSet>
  <FileSet Name="constrs_in" Type="Constrs" RelSrcDir="$PSRCDIR/constrs_1">
    <Filter Type="Constrs"/>
    <File Path="$PSRCDIR/constrs_1/new/seila3.xdc">
      <FileInfo>
        <Attr Name="UsedIn" Val="synthesis"/>
        <Attr Name="UsedIn" Val="implementation"/>
      </FileInfo>
    </File>
    <Config>
      <Option Name="ConstrsType" Val="XDC"/>
    </Config>
  </FileSet>
  <FileSet Name="utils" Type="Utils" RelSrcDir="$PSRCDIR/utils_1">
    <Filter Type="Utils"/>
    <Config>
      <Option Name="TopAutoSet" Val="TRUE"/>
    </Config>
  </FileSet>
  <Strategy Version="1" Minor="2">
    <StratHandle Name="Vivado Implementation Defaults" Flow="Vivado Implementation 2018">
      <Desc>Default settings for Implementation.</Desc>
    </StratHandle>
    <Step Id="init_design"/>
    <Step Id="opt_design"/>
    <Step Id="power_opt_design"/>
    <Step Id="place_design"/>
    <Step Id="post_place_power_opt_design"/>
    <Step Id="phys_opt_design"/>
    <Step Id="route_design"/>
    <Step Id="post_route_phys_opt_design"/>
    <Step Id="write_bitstream"/>
  </Strategy>
</GenRun>
