<?xml version="1.0" encoding="UTF-8"?>
<GenRun Id="impl_1" LaunchPart="xc7a35tcpg236-1" LaunchTime="1718124805">
  <File Type="WBT-USG" Name="usage_statistics_webtalk.html"/>
  <File Type="BG-DRC" Name="somadorcJD.drc"/>
  <File Type="BG-BGN" Name="somadorcJD.bgn"/>
  <File Type="BITSTR-SYSDEF" Name="somadorcJD.sysdef"/>
  <File Type="BITSTR-LTX" Name="debug_nets.ltx"/>
  <File Type="BITSTR-LTX" Name="somadorcJD.ltx"/>
  <File Type="BITSTR-MMI" Name="somadorcJD.mmi"/>
  <File Type="BITSTR-BMM" Name="somadorcJD_bd.bmm"/>
  <File Type="BITSTR-NKY" Name="somadorcJD.nky"/>
  <File Type="BITSTR-RBT" Name="somadorcJD.rbt"/>
  <File Type="BITSTR-MSK" Name="somadorcJD.msk"/>
  <File Type="BG-BIN" Name="somadorcJD.bin"/>
  <File Type="BG-BIT" Name="somadorcJD.bit"/>
  <File Type="POSTROUTE-PHYSOPT-BUS-SKEW-RPX" Name="somadorcJD_bus_skew_postroute_physopted.rpx"/>
  <File Type="POSTROUTE-PHYSOPT-BUS-SKEW-PB" Name="somadorcJD_bus_skew_postroute_physopted.pb"/>
  <File Type="POSTROUTE-PHYSOPT-BUS-SKEW" Name="somadorcJD_bus_skew_postroute_physopted.rpt"/>
  <File Type="RDI-RDI" Name="somadorcJD.vdi"/>
  <File Type="POSTROUTE-PHYSOPT-TIMING-RPX" Name="somadorcJD_timing_summary_postroute_physopted.rpx"/>
  <File Type="POSTROUTE-PHYSOPT-TIMING-PB" Name="somadorcJD_timing_summary_postroute_physopted.pb"/>
  <File Type="POSTROUTE-PHYSOPT-TIMING" Name="somadorcJD_timing_summary_postroute_physopted.rpt"/>
  <File Type="POSTROUTE-PHYSOPT-BLACKBOX-DCP" Name="somadorcJD_postroute_physopt_bb.dcp"/>
  <File Type="POSTROUTE-PHYSOPT-DCP" Name="somadorcJD_postroute_physopt.dcp"/>
  <File Type="ROUTE-BUS-SKEW" Name="somadorcJD_bus_skew_routed.rpt"/>
  <File Type="ROUTE-CLK" Name="somadorcJD_clock_utilization_routed.rpt"/>
  <File Type="ROUTE-SIMILARITY" Name="somadorcJD_incremental_reuse_routed.rpt"/>
  <File Type="ROUTE-TIMING-RPX" Name="somadorcJD_timing_summary_routed.rpx"/>
  <File Type="ROUTE-TIMING-PB" Name="somadorcJD_timing_summary_routed.pb"/>
  <File Type="ROUTE-TIMINGSUMMARY" Name="somadorcJD_timing_summary_routed.rpt"/>
  <File Type="ROUTE-STATUS-PB" Name="somadorcJD_route_status.pb"/>
  <File Type="ROUTE-STATUS" Name="somadorcJD_route_status.rpt"/>
  <File Type="ROUTE-PWR-RPX" Name="somadorcJD_power_routed.rpx"/>
  <File Type="PLACE-UTIL-PB" Name="somadorcJD_utilization_placed.pb"/>
  <File Type="PLACE-UTIL" Name="somadorcJD_utilization_placed.rpt"/>
  <File Type="PLACE-CLK" Name="somadorcJD_clock_utilization_placed.rpt"/>
  <File Type="PLACE-IO" Name="somadorcJD_io_placed.rpt"/>
  <File Type="PLACE-DCP" Name="somadorcJD_placed.dcp"/>
  <File Type="PWROPT-DCP" Name="somadorcJD_pwropt.dcp"/>
  <File Type="OPT-TIMING" Name="somadorcJD_timing_summary_opted.rpt"/>
  <File Type="PLACE-SIMILARITY" Name="somadorcJD_incremental_reuse_placed.rpt"/>
  <File Type="OPT-HWDEF" Name="somadorcJD.hwdef"/>
  <File Type="ROUTE-BUS-SKEW-RPX" Name="somadorcJD_bus_skew_routed.rpx"/>
  <File Type="REPORTS-TCL" Name="somadorcJD_reports.tcl"/>
  <File Type="PWROPT-DRC" Name="somadorcJD_drc_pwropted.rpt"/>
  <File Type="ROUTE-BUS-SKEW-PB" Name="somadorcJD_bus_skew_routed.pb"/>
  <File Type="PA-TCL" Name="somadorcJD.tcl"/>
  <File Type="INIT-TIMING" Name="somadorcJD_timing_summary_init.rpt"/>
  <File Type="PLACE-CTRL" Name="somadorcJD_control_sets_placed.rpt"/>
  <File Type="PWROPT-TIMING" Name="somadorcJD_timing_summary_pwropted.rpt"/>
  <File Type="PLACE-PRE-SIMILARITY" Name="somadorcJD_incremental_reuse_pre_placed.rpt"/>
  <File Type="OPT-DCP" Name="somadorcJD_opt.dcp"/>
  <File Type="OPT-DRC" Name="somadorcJD_drc_opted.rpt"/>
  <File Type="OPT-METHODOLOGY-DRC" Name="somadorcJD_methodology_drc_opted.rpt"/>
  <File Type="PLACE-TIMING" Name="somadorcJD_timing_summary_placed.rpt"/>
  <File Type="ROUTE-DRC" Name="somadorcJD_drc_routed.rpt"/>
  <File Type="POSTPLACE-PWROPT-DCP" Name="somadorcJD_postplace_pwropt.dcp"/>
  <File Type="POSTPLACE-PWROPT-TIMING" Name="somadorcJD_timing_summary_postplace_pwropted.rpt"/>
  <File Type="ROUTE-DRC-PB" Name="somadorcJD_drc_routed.pb"/>
  <File Type="PHYSOPT-DCP" Name="somadorcJD_physopt.dcp"/>
  <File Type="PHYSOPT-DRC" Name="somadorcJD_drc_physopted.rpt"/>
  <File Type="PHYSOPT-TIMING" Name="somadorcJD_timing_summary_physopted.rpt"/>
  <File Type="ROUTE-PWR" Name="somadorcJD_power_routed.rpt"/>
  <File Type="ROUTE-ERROR-DCP" Name="somadorcJD_routed_error.dcp"/>
  <File Type="ROUTE-METHODOLOGY-DRC-RPX" Name="somadorcJD_methodology_drc_routed.rpx"/>
  <File Type="ROUTE-DCP" Name="somadorcJD_routed.dcp"/>
  <File Type="ROUTE-METHODOLOGY-DRC-PB" Name="somadorcJD_methodology_drc_routed.pb"/>
  <File Type="ROUTE-BLACKBOX-DCP" Name="somadorcJD_routed_bb.dcp"/>
  <File Type="ROUTE-DRC-RPX" Name="somadorcJD_drc_routed.rpx"/>
  <File Type="ROUTE-METHODOLOGY-DRC" Name="somadorcJD_methodology_drc_routed.rpt"/>
  <File Type="ROUTE-PWR-SUM" Name="somadorcJD_power_summary_routed.pb"/>
  <FileSet Name="sources" Type="DesignSrcs" RelSrcDir="$PSRCDIR/sources_1">
    <Filter Type="Srcs"/>
    <File Path="$PSRCDIR/sources_1/new/somadorcJD.vhd">
      <FileInfo>
        <Attr Name="UsedIn" Val="synthesis"/>
        <Attr Name="UsedIn" Val="simulation"/>
      </FileInfo>
    </File>
    <Config>
      <Option Name="DesignMode" Val="RTL"/>
      <Option Name="TopModule" Val="somadorcJD"/>
      <Option Name="TopAutoSet" Val="TRUE"/>
    </Config>
  </FileSet>
  <FileSet Name="constrs_in" Type="Constrs" RelSrcDir="$PSRCDIR/constrs_1">
    <Filter Type="Constrs"/>
    <File Path="$PSRCDIR/constrs_1/new/seila4.xdc">
      <FileInfo>
        <Attr Name="UsedIn" Val="synthesis"/>
        <Attr Name="UsedIn" Val="implementation"/>
      </FileInfo>
    </File>
    <Config>
      <Option Name="ConstrsType" Val="XDC"/>
    </Config>
  </FileSet>
  <FileSet Name="utils" Type="Utils" RelSrcDir="$PSRCDIR/utils_1">
    <Filter Type="Utils"/>
    <Config>
      <Option Name="TopAutoSet" Val="TRUE"/>
    </Config>
  </FileSet>
  <Strategy Version="1" Minor="2">
    <StratHandle Name="Vivado Implementation Defaults" Flow="Vivado Implementation 2018">
      <Desc>Default settings for Implementation.</Desc>
    </StratHandle>
    <Step Id="init_design"/>
    <Step Id="opt_design"/>
    <Step Id="power_opt_design"/>
    <Step Id="place_design"/>
    <Step Id="post_place_power_opt_design"/>
    <Step Id="phys_opt_design"/>
    <Step Id="route_design"/>
    <Step Id="post_route_phys_opt_design"/>
    <Step Id="write_bitstream"/>
  </Strategy>
</GenRun>
