<?xml version="1.0" encoding="UTF-8"?>
<GenRun Id="impl_1" LaunchPart="xc7a35tcpg236-1" LaunchTime="1718122593">
  <File Type="WBT-USG" Name="usage_statistics_webtalk.html"/>
  <File Type="BG-DRC" Name="alarmeJD.drc"/>
  <File Type="BG-BGN" Name="alarmeJD.bgn"/>
  <File Type="BITSTR-SYSDEF" Name="alarmeJD.sysdef"/>
  <File Type="BITSTR-LTX" Name="debug_nets.ltx"/>
  <File Type="BITSTR-LTX" Name="alarmeJD.ltx"/>
  <File Type="BITSTR-MMI" Name="alarmeJD.mmi"/>
  <File Type="BITSTR-BMM" Name="alarmeJD_bd.bmm"/>
  <File Type="BITSTR-NKY" Name="alarmeJD.nky"/>
  <File Type="BITSTR-RBT" Name="alarmeJD.rbt"/>
  <File Type="BITSTR-MSK" Name="alarmeJD.msk"/>
  <File Type="BG-BIN" Name="alarmeJD.bin"/>
  <File Type="BG-BIT" Name="alarmeJD.bit"/>
  <File Type="POSTROUTE-PHYSOPT-BUS-SKEW-RPX" Name="alarmeJD_bus_skew_postroute_physopted.rpx"/>
  <File Type="POSTROUTE-PHYSOPT-BUS-SKEW-PB" Name="alarmeJD_bus_skew_postroute_physopted.pb"/>
  <File Type="POSTROUTE-PHYSOPT-BUS-SKEW" Name="alarmeJD_bus_skew_postroute_physopted.rpt"/>
  <File Type="RDI-RDI" Name="alarmeJD.vdi"/>
  <File Type="POSTROUTE-PHYSOPT-TIMING-RPX" Name="alarmeJD_timing_summary_postroute_physopted.rpx"/>
  <File Type="POSTROUTE-PHYSOPT-TIMING-PB" Name="alarmeJD_timing_summary_postroute_physopted.pb"/>
  <File Type="POSTROUTE-PHYSOPT-TIMING" Name="alarmeJD_timing_summary_postroute_physopted.rpt"/>
  <File Type="POSTROUTE-PHYSOPT-BLACKBOX-DCP" Name="alarmeJD_postroute_physopt_bb.dcp"/>
  <File Type="POSTROUTE-PHYSOPT-DCP" Name="alarmeJD_postroute_physopt.dcp"/>
  <File Type="ROUTE-BUS-SKEW" Name="alarmeJD_bus_skew_routed.rpt"/>
  <File Type="ROUTE-CLK" Name="alarmeJD_clock_utilization_routed.rpt"/>
  <File Type="ROUTE-SIMILARITY" Name="alarmeJD_incremental_reuse_routed.rpt"/>
  <File Type="ROUTE-TIMING-RPX" Name="alarmeJD_timing_summary_routed.rpx"/>
  <File Type="ROUTE-TIMING-PB" Name="alarmeJD_timing_summary_routed.pb"/>
  <File Type="ROUTE-TIMINGSUMMARY" Name="alarmeJD_timing_summary_routed.rpt"/>
  <File Type="ROUTE-STATUS-PB" Name="alarmeJD_route_status.pb"/>
  <File Type="ROUTE-STATUS" Name="alarmeJD_route_status.rpt"/>
  <File Type="ROUTE-PWR-RPX" Name="alarmeJD_power_routed.rpx"/>
  <File Type="PLACE-UTIL-PB" Name="alarmeJD_utilization_placed.pb"/>
  <File Type="PLACE-UTIL" Name="alarmeJD_utilization_placed.rpt"/>
  <File Type="PLACE-CLK" Name="alarmeJD_clock_utilization_placed.rpt"/>
  <File Type="PLACE-IO" Name="alarmeJD_io_placed.rpt"/>
  <File Type="PLACE-DCP" Name="alarmeJD_placed.dcp"/>
  <File Type="PWROPT-DCP" Name="alarmeJD_pwropt.dcp"/>
  <File Type="OPT-TIMING" Name="alarmeJD_timing_summary_opted.rpt"/>
  <File Type="PLACE-SIMILARITY" Name="alarmeJD_incremental_reuse_placed.rpt"/>
  <File Type="OPT-HWDEF" Name="alarmeJD.hwdef"/>
  <File Type="ROUTE-BUS-SKEW-RPX" Name="alarmeJD_bus_skew_routed.rpx"/>
  <File Type="REPORTS-TCL" Name="alarmeJD_reports.tcl"/>
  <File Type="PWROPT-DRC" Name="alarmeJD_drc_pwropted.rpt"/>
  <File Type="ROUTE-BUS-SKEW-PB" Name="alarmeJD_bus_skew_routed.pb"/>
  <File Type="PA-TCL" Name="alarmeJD.tcl"/>
  <File Type="INIT-TIMING" Name="alarmeJD_timing_summary_init.rpt"/>
  <File Type="PLACE-CTRL" Name="alarmeJD_control_sets_placed.rpt"/>
  <File Type="PWROPT-TIMING" Name="alarmeJD_timing_summary_pwropted.rpt"/>
  <File Type="PLACE-PRE-SIMILARITY" Name="alarmeJD_incremental_reuse_pre_placed.rpt"/>
  <File Type="OPT-DCP" Name="alarmeJD_opt.dcp"/>
  <File Type="OPT-DRC" Name="alarmeJD_drc_opted.rpt"/>
  <File Type="OPT-METHODOLOGY-DRC" Name="alarmeJD_methodology_drc_opted.rpt"/>
  <File Type="PLACE-TIMING" Name="alarmeJD_timing_summary_placed.rpt"/>
  <File Type="ROUTE-DRC" Name="alarmeJD_drc_routed.rpt"/>
  <File Type="POSTPLACE-PWROPT-DCP" Name="alarmeJD_postplace_pwropt.dcp"/>
  <File Type="POSTPLACE-PWROPT-TIMING" Name="alarmeJD_timing_summary_postplace_pwropted.rpt"/>
  <File Type="ROUTE-DRC-PB" Name="alarmeJD_drc_routed.pb"/>
  <File Type="PHYSOPT-DCP" Name="alarmeJD_physopt.dcp"/>
  <File Type="PHYSOPT-DRC" Name="alarmeJD_drc_physopted.rpt"/>
  <File Type="PHYSOPT-TIMING" Name="alarmeJD_timing_summary_physopted.rpt"/>
  <File Type="ROUTE-PWR" Name="alarmeJD_power_routed.rpt"/>
  <File Type="ROUTE-ERROR-DCP" Name="alarmeJD_routed_error.dcp"/>
  <File Type="ROUTE-METHODOLOGY-DRC-RPX" Name="alarmeJD_methodology_drc_routed.rpx"/>
  <File Type="ROUTE-DCP" Name="alarmeJD_routed.dcp"/>
  <File Type="ROUTE-METHODOLOGY-DRC-PB" Name="alarmeJD_methodology_drc_routed.pb"/>
  <File Type="ROUTE-BLACKBOX-DCP" Name="alarmeJD_routed_bb.dcp"/>
  <File Type="ROUTE-DRC-RPX" Name="alarmeJD_drc_routed.rpx"/>
  <File Type="ROUTE-METHODOLOGY-DRC" Name="alarmeJD_methodology_drc_routed.rpt"/>
  <File Type="ROUTE-PWR-SUM" Name="alarmeJD_power_summary_routed.pb"/>
  <FileSet Name="sources" Type="DesignSrcs" RelSrcDir="$PSRCDIR/sources_1">
    <Filter Type="Srcs"/>
    <File Path="$PSRCDIR/sources_1/new/alarmeJD.vhd">
      <FileInfo>
        <Attr Name="UsedIn" Val="synthesis"/>
        <Attr Name="UsedIn" Val="simulation"/>
      </FileInfo>
    </File>
    <Config>
      <Option Name="DesignMode" Val="RTL"/>
      <Option Name="TopModule" Val="alarmeJD"/>
      <Option Name="TopAutoSet" Val="TRUE"/>
    </Config>
  </FileSet>
  <FileSet Name="constrs_in" Type="Constrs" RelSrcDir="$PSRCDIR/constrs_1">
    <Filter Type="Constrs"/>
    <File Path="$PSRCDIR/constrs_1/new/seila2.xdc">
      <FileInfo>
        <Attr Name="UsedIn" Val="synthesis"/>
        <Attr Name="UsedIn" Val="implementation"/>
      </FileInfo>
    </File>
    <Config>
      <Option Name="ConstrsType" Val="XDC"/>
    </Config>
  </FileSet>
  <FileSet Name="utils" Type="Utils" RelSrcDir="$PSRCDIR/utils_1">
    <Filter Type="Utils"/>
    <Config>
      <Option Name="TopAutoSet" Val="TRUE"/>
    </Config>
  </FileSet>
  <Strategy Version="1" Minor="2">
    <StratHandle Name="Vivado Implementation Defaults" Flow="Vivado Implementation 2018">
      <Desc>Default settings for Implementation.</Desc>
    </StratHandle>
    <Step Id="init_design"/>
    <Step Id="opt_design"/>
    <Step Id="power_opt_design"/>
    <Step Id="place_design"/>
    <Step Id="post_place_power_opt_design"/>
    <Step Id="phys_opt_design"/>
    <Step Id="route_design"/>
    <Step Id="post_route_phys_opt_design"/>
    <Step Id="write_bitstream"/>
  </Strategy>
</GenRun>
